Data,Count,Categoria,Análise,Relatório
2024-06-27 00:00:00,293,Eleições EUA,Evolução de menções no X,#2_POLICYREPORT_FGV Comunicação Rio
2024-06-27 01:00:00,133,Eleições EUA,Evolução de menções no X,#2_POLICYREPORT_FGV Comunicação Rio
2024-06-27 02:00:00,119,Eleições EUA,Evolução de menções no X,#2_POLICYREPORT_FGV Comunicação Rio
2024-06-27 03:00:00,126,Eleições EUA,Evolução de menções no X,#2_POLICYREPORT_FGV Comunicação Rio
2024-06-27 04:00:00,79,Eleições EUA,Evolução de menções no X,#2_POLICYREPORT_FGV Comunicação Rio
2024-06-27 05:00:00,193,Eleições EUA,Evolução de menções no X,#2_POLICYREPORT_FGV Comunicação Rio
2024-06-27 06:00:00,306,Eleições EUA,Evolução de menções no X,#2_POLICYREPORT_FGV Comunicação Rio
2024-06-27 07:00:00,266,Eleições EUA,Evolução de menções no X,#2_POLICYREPORT_FGV Comunicação Rio
2024-06-27 08:00:00,493,Eleições EUA,Evolução de menções no X,#2_POLICYREPORT_FGV Comunicação Rio
2024-06-27 09:00:00,453,Eleições EUA,Evolução de menções no X,#2_POLICYREPORT_FGV Comunicação Rio
2024-06-27 10:00:00,493,Eleições EUA,Evolução de menções no X,#2_POLICYREPORT_FGV Comunicação Rio
2024-06-27 11:00:00,539,Eleições EUA,Evolução de menções no X,#2_POLICYREPORT_FGV Comunicação Rio
2024-06-27 12:00:00,633,Eleições EUA,Evolução de menções no X,#2_POLICYREPORT_FGV Comunicação Rio
2024-06-27 13:00:00,626,Eleições EUA,Evolução de menções no X,#2_POLICYREPORT_FGV Comunicação Rio
2024-06-27 14:00:00,713,Eleições EUA,Evolução de menções no X,#2_POLICYREPORT_FGV Comunicação Rio
2024-06-27 15:00:00,666,Eleições EUA,Evolução de menções no X,#2_POLICYREPORT_FGV Comunicação Rio
2024-06-27 16:00:00,693,Eleições EUA,Evolução de menções no X,#2_POLICYREPORT_FGV Comunicação Rio
2024-06-27 17:00:00,806,Eleições EUA,Evolução de menções no X,#2_POLICYREPORT_FGV Comunicação Rio
2024-06-27 18:00:00,1259,Eleições EUA,Evolução de menções no X,#2_POLICYREPORT_FGV Comunicação Rio
2024-06-27 19:00:00,1859,Eleições EUA,Evolução de menções no X,#2_POLICYREPORT_FGV Comunicação Rio
2024-06-27 20:00:00,1819,Eleições EUA,Evolução de menções no X,#2_POLICYREPORT_FGV Comunicação Rio
2024-06-27 21:00:00,1966,Eleições EUA,Evolução de menções no X,#2_POLICYREPORT_FGV Comunicação Rio
2024-06-27 22:00:00,12313,Eleições EUA,Evolução de menções no X,#2_POLICYREPORT_FGV Comunicação Rio
2024-06-27 23:00:00,15179,Eleições EUA,Evolução de menções no X,#2_POLICYREPORT_FGV Comunicação Rio
2024-06-28 00:00:00,11546,Eleições EUA,Evolução de menções no X,#2_POLICYREPORT_FGV Comunicação Rio
2024-06-28 01:00:00,4953,Eleições EUA,Evolução de menções no X,#2_POLICYREPORT_FGV Comunicação Rio
2024-06-28 02:00:00,2399,Eleições EUA,Evolução de menções no X,#2_POLICYREPORT_FGV Comunicação Rio
2024-06-28 03:00:00,1519,Eleições EUA,Evolução de menções no X,#2_POLICYREPORT_FGV Comunicação Rio
2024-06-28 04:00:00,1613,Eleições EUA,Evolução de menções no X,#2_POLICYREPORT_FGV Comunicação Rio
2024-06-28 05:00:00,2806,Eleições EUA,Evolução de menções no X,#2_POLICYREPORT_FGV Comunicação Rio
2024-06-28 06:00:00,5459,Eleições EUA,Evolução de menções no X,#2_POLICYREPORT_FGV Comunicação Rio
2024-06-28 07:00:00,7906,Eleições EUA,Evolução de menções no X,#2_POLICYREPORT_FGV Comunicação Rio
2024-06-28 08:00:00,9453,Eleições EUA,Evolução de menções no X,#2_POLICYREPORT_FGV Comunicação Rio
2024-06-28 09:00:00,8553,Eleições EUA,Evolução de menções no X,#2_POLICYREPORT_FGV Comunicação Rio
2024-06-28 10:00:00,7513,Eleições EUA,Evolução de menções no X,#2_POLICYREPORT_FGV Comunicação Rio
2024-06-28 11:00:00,7353,Eleições EUA,Evolução de menções no X,#2_POLICYREPORT_FGV Comunicação Rio
2024-06-28 12:00:00,6619,Eleições EUA,Evolução de menções no X,#2_POLICYREPORT_FGV Comunicação Rio
2024-06-28 13:00:00,6226,Eleições EUA,Evolução de menções no X,#2_POLICYREPORT_FGV Comunicação Rio
2024-06-28 14:00:00,4613,Eleições EUA,Evolução de menções no X,#2_POLICYREPORT_FGV Comunicação Rio
2024-06-28 15:00:00,5046,Eleições EUA,Evolução de menções no X,#2_POLICYREPORT_FGV Comunicação Rio
2024-06-28 16:00:00,4553,Eleições EUA,Evolução de menções no X,#2_POLICYREPORT_FGV Comunicação Rio
2024-06-28 17:00:00,4173,Eleições EUA,Evolução de menções no X,#2_POLICYREPORT_FGV Comunicação Rio
2024-06-28 18:00:00,4579,Eleições EUA,Evolução de menções no X,#2_POLICYREPORT_FGV Comunicação Rio
2024-06-28 19:00:00,4319,Eleições EUA,Evolução de menções no X,#2_POLICYREPORT_FGV Comunicação Rio
2024-06-28 20:00:00,3919,Eleições EUA,Evolução de menções no X,#2_POLICYREPORT_FGV Comunicação Rio
2024-06-28 21:00:00,3653,Eleições EUA,Evolução de menções no X,#2_POLICYREPORT_FGV Comunicação Rio
2024-06-28 22:00:00,3259,Eleições EUA,Evolução de menções no X,#2_POLICYREPORT_FGV Comunicação Rio
2024-06-28 23:00:00,2806,Eleições EUA,Evolução de menções no X,#2_POLICYREPORT_FGV Comunicação Rio
2024-06-29 00:00:00,1993,Eleições EUA,Evolução de menções no X,#2_POLICYREPORT_FGV Comunicação Rio
2024-06-29 01:00:00,1073,Eleições EUA,Evolução de menções no X,#2_POLICYREPORT_FGV Comunicação Rio
2024-06-29 02:00:00,686,Eleições EUA,Evolução de menções no X,#2_POLICYREPORT_FGV Comunicação Rio
2024-06-29 03:00:00,579,Eleições EUA,Evolução de menções no X,#2_POLICYREPORT_FGV Comunicação Rio
2024-06-29 04:00:00,513,Eleições EUA,Evolução de menções no X,#2_POLICYREPORT_FGV Comunicação Rio
2024-06-29 05:00:00,533,Eleições EUA,Evolução de menções no X,#2_POLICYREPORT_FGV Comunicação Rio
2024-06-29 06:00:00,1173,Eleições EUA,Evolução de menções no X,#2_POLICYREPORT_FGV Comunicação Rio
2024-06-29 07:00:00,1466,Eleições EUA,Evolução de menções no X,#2_POLICYREPORT_FGV Comunicação Rio
2024-06-29 08:00:00,1893,Eleições EUA,Evolução de menções no X,#2_POLICYREPORT_FGV Comunicação Rio
2024-06-29 09:00:00,1826,Eleições EUA,Evolução de menções no X,#2_POLICYREPORT_FGV Comunicação Rio
2024-06-29 10:00:00,1946,Eleições EUA,Evolução de menções no X,#2_POLICYREPORT_FGV Comunicação Rio
2024-06-29 11:00:00,1839,Eleições EUA,Evolução de menções no X,#2_POLICYREPORT_FGV Comunicação Rio
2024-06-29 12:00:00,1393,Eleições EUA,Evolução de menções no X,#2_POLICYREPORT_FGV Comunicação Rio
2024-06-29 13:00:00,1533,Eleições EUA,Evolução de menções no X,#2_POLICYREPORT_FGV Comunicação Rio
2024-06-29 14:00:00,1559,Eleições EUA,Evolução de menções no X,#2_POLICYREPORT_FGV Comunicação Rio
2024-06-29 15:00:00,1599,Eleições EUA,Evolução de menções no X,#2_POLICYREPORT_FGV Comunicação Rio
2024-06-29 16:00:00,1386,Eleições EUA,Evolução de menções no X,#2_POLICYREPORT_FGV Comunicação Rio
2024-06-29 17:00:00,1486,Eleições EUA,Evolução de menções no X,#2_POLICYREPORT_FGV Comunicação Rio
2024-06-29 18:00:00,1539,Eleições EUA,Evolução de menções no X,#2_POLICYREPORT_FGV Comunicação Rio
2024-06-29 19:00:00,1446,Eleições EUA,Evolução de menções no X,#2_POLICYREPORT_FGV Comunicação Rio
2024-06-29 20:00:00,1579,Eleições EUA,Evolução de menções no X,#2_POLICYREPORT_FGV Comunicação Rio
2024-06-29 21:00:00,1893,Eleições EUA,Evolução de menções no X,#2_POLICYREPORT_FGV Comunicação Rio
2024-06-29 22:00:00,1606,Eleições EUA,Evolução de menções no X,#2_POLICYREPORT_FGV Comunicação Rio
2024-06-29 23:00:00,1079,Eleições EUA,Evolução de menções no X,#2_POLICYREPORT_FGV Comunicação Rio
2024-06-30 00:00:00,799,Eleições EUA,Evolução de menções no X,#2_POLICYREPORT_FGV Comunicação Rio
2024-06-30 01:00:00,553,Eleições EUA,Evolução de menções no X,#2_POLICYREPORT_FGV Comunicação Rio
2024-06-30 02:00:00,306,Eleições EUA,Evolução de menções no X,#2_POLICYREPORT_FGV Comunicação Rio
2024-06-30 03:00:00,266,Eleições EUA,Evolução de menções no X,#2_POLICYREPORT_FGV Comunicação Rio
2024-06-30 04:00:00,179,Eleições EUA,Evolução de menções no X,#2_POLICYREPORT_FGV Comunicação Rio
2024-06-30 05:00:00,286,Eleições EUA,Evolução de menções no X,#2_POLICYREPORT_FGV Comunicação Rio
2024-06-30 06:00:00,406,Eleições EUA,Evolução de menções no X,#2_POLICYREPORT_FGV Comunicação Rio
2024-06-30 07:00:00,733,Eleições EUA,Evolução de menções no X,#2_POLICYREPORT_FGV Comunicação Rio
2024-06-30 08:00:00,1373,Eleições EUA,Evolução de menções no X,#2_POLICYREPORT_FGV Comunicação Rio
2024-06-30 09:00:00,1313,Eleições EUA,Evolução de menções no X,#2_POLICYREPORT_FGV Comunicação Rio
2024-06-30 10:00:00,1399,Eleições EUA,Evolução de menções no X,#2_POLICYREPORT_FGV Comunicação Rio
2024-06-30 11:00:00,1366,Eleições EUA,Evolução de menções no X,#2_POLICYREPORT_FGV Comunicação Rio
2024-06-30 12:00:00,1713,Eleições EUA,Evolução de menções no X,#2_POLICYREPORT_FGV Comunicação Rio
2024-06-30 13:00:00,1926,Eleições EUA,Evolução de menções no X,#2_POLICYREPORT_FGV Comunicação Rio
2024-06-30 14:00:00,1799,Eleições EUA,Evolução de menções no X,#2_POLICYREPORT_FGV Comunicação Rio
2024-06-30 15:00:00,1739,Eleições EUA,Evolução de menções no X,#2_POLICYREPORT_FGV Comunicação Rio
2024-06-30 16:00:00,1859,Eleições EUA,Evolução de menções no X,#2_POLICYREPORT_FGV Comunicação Rio
2024-06-30 17:00:00,2099,Eleições EUA,Evolução de menções no X,#2_POLICYREPORT_FGV Comunicação Rio
2024-06-30 18:00:00,2286,Eleições EUA,Evolução de menções no X,#2_POLICYREPORT_FGV Comunicação Rio
2024-06-30 19:00:00,2619,Eleições EUA,Evolução de menções no X,#2_POLICYREPORT_FGV Comunicação Rio
2024-06-30 20:00:00,2066,Eleições EUA,Evolução de menções no X,#2_POLICYREPORT_FGV Comunicação Rio
2024-06-30 21:00:00,2119,Eleições EUA,Evolução de menções no X,#2_POLICYREPORT_FGV Comunicação Rio
2024-06-30 22:00:00,2106,Eleições EUA,Evolução de menções no X,#2_POLICYREPORT_FGV Comunicação Rio
2024-06-30 23:00:00,1673,Eleições EUA,Evolução de menções no X,#2_POLICYREPORT_FGV Comunicação Rio
2024-07-01 00:00:00,1053,Eleições EUA,Evolução de menções no X,#2_POLICYREPORT_FGV Comunicação Rio
2024-07-01 01:00:00,546,Eleições EUA,Evolução de menções no X,#2_POLICYREPORT_FGV Comunicação Rio
2024-07-01 02:00:00,286,Eleições EUA,Evolução de menções no X,#2_POLICYREPORT_FGV Comunicação Rio
2024-07-01 03:00:00,286,Eleições EUA,Evolução de menções no X,#2_POLICYREPORT_FGV Comunicação Rio
2024-07-01 04:00:00,306,Eleições EUA,Evolução de menções no X,#2_POLICYREPORT_FGV Comunicação Rio
2024-07-01 05:00:00,393,Eleições EUA,Evolução de menções no X,#2_POLICYREPORT_FGV Comunicação Rio
2024-07-01 06:00:00,693,Eleições EUA,Evolução de menções no X,#2_POLICYREPORT_FGV Comunicação Rio
2024-07-01 07:00:00,986,Eleições EUA,Evolução de menções no X,#2_POLICYREPORT_FGV Comunicação Rio
2024-07-01 08:00:00,1173,Eleições EUA,Evolução de menções no X,#2_POLICYREPORT_FGV Comunicação Rio
2024-07-01 09:00:00,1479,Eleições EUA,Evolução de menções no X,#2_POLICYREPORT_FGV Comunicação Rio
2024-07-01 10:00:00,1593,Eleições EUA,Evolução de menções no X,#2_POLICYREPORT_FGV Comunicação Rio
2024-07-01 11:00:00,1933,Eleições EUA,Evolução de menções no X,#2_POLICYREPORT_FGV Comunicação Rio
2024-07-01 12:00:00,3306,Eleições EUA,Evolução de menções no X,#2_POLICYREPORT_FGV Comunicação Rio
2024-07-01 13:00:00,2839,Eleições EUA,Evolução de menções no X,#2_POLICYREPORT_FGV Comunicação Rio
2024-07-01 14:00:00,2026,Eleições EUA,Evolução de menções no X,#2_POLICYREPORT_FGV Comunicação Rio
2024-07-01 15:00:00,2066,Eleições EUA,Evolução de menções no X,#2_POLICYREPORT_FGV Comunicação Rio
2024-07-01 16:00:00,2313,Eleições EUA,Evolução de menções no X,#2_POLICYREPORT_FGV Comunicação Rio
2024-07-01 17:00:00,1999,Eleições EUA,Evolução de menções no X,#2_POLICYREPORT_FGV Comunicação Rio
2024-07-01 18:00:00,2133,Eleições EUA,Evolução de menções no X,#2_POLICYREPORT_FGV Comunicação Rio
2024-07-01 19:00:00,2079,Eleições EUA,Evolução de menções no X,#2_POLICYREPORT_FGV Comunicação Rio
2024-07-01 20:00:00,2039,Eleições EUA,Evolução de menções no X,#2_POLICYREPORT_FGV Comunicação Rio
2024-07-01 21:00:00,2226,Eleições EUA,Evolução de menções no X,#2_POLICYREPORT_FGV Comunicação Rio
2024-07-01 22:00:00,2299,Eleições EUA,Evolução de menções no X,#2_POLICYREPORT_FGV Comunicação Rio
2024-07-01 23:00:00,1599,Eleições EUA,Evolução de menções no X,#2_POLICYREPORT_FGV Comunicação Rio
2024-07-02 00:00:00,893,Eleições EUA,Evolução de menções no X,#2_POLICYREPORT_FGV Comunicação Rio
2024-07-02 01:00:00,499,Eleições EUA,Evolução de menções no X,#2_POLICYREPORT_FGV Comunicação Rio
2024-07-02 02:00:00,446,Eleições EUA,Evolução de menções no X,#2_POLICYREPORT_FGV Comunicação Rio
2024-07-02 03:00:00,179,Eleições EUA,Evolução de menções no X,#2_POLICYREPORT_FGV Comunicação Rio
2024-07-02 04:00:00,293,Eleições EUA,Evolução de menções no X,#2_POLICYREPORT_FGV Comunicação Rio
2024-07-02 05:00:00,426,Eleições EUA,Evolução de menções no X,#2_POLICYREPORT_FGV Comunicação Rio
2024-07-02 06:00:00,813,Eleições EUA,Evolução de menções no X,#2_POLICYREPORT_FGV Comunicação Rio
2024-07-02 07:00:00,1213,Eleições EUA,Evolução de menções no X,#2_POLICYREPORT_FGV Comunicação Rio
2024-07-02 08:00:00,1253,Eleições EUA,Evolução de menções no X,#2_POLICYREPORT_FGV Comunicação Rio
2024-07-02 09:00:00,1313,Eleições EUA,Evolução de menções no X,#2_POLICYREPORT_FGV Comunicação Rio
2024-07-02 10:00:00,1099,Eleições EUA,Evolução de menções no X,#2_POLICYREPORT_FGV Comunicação Rio
2024-07-02 11:00:00,1126,Eleições EUA,Evolução de menções no X,#2_POLICYREPORT_FGV Comunicação Rio
2024-07-02 12:00:00,1119,Eleições EUA,Evolução de menções no X,#2_POLICYREPORT_FGV Comunicação Rio
2024-07-02 13:00:00,1379,Eleições EUA,Evolução de menções no X,#2_POLICYREPORT_FGV Comunicação Rio
2024-07-02 14:00:00,1426,Eleições EUA,Evolução de menções no X,#2_POLICYREPORT_FGV Comunicação Rio
2024-07-02 15:00:00,1046,Eleições EUA,Evolução de menções no X,#2_POLICYREPORT_FGV Comunicação Rio
2024-07-02 16:00:00,1066,Eleições EUA,Evolução de menções no X,#2_POLICYREPORT_FGV Comunicação Rio
2024-07-02 17:00:00,1786,Eleições EUA,Evolução de menções no X,#2_POLICYREPORT_FGV Comunicação Rio
2024-07-02 18:00:00,1853,Eleições EUA,Evolução de menções no X,#2_POLICYREPORT_FGV Comunicação Rio
2024-07-02 19:00:00,1719,Eleições EUA,Evolução de menções no X,#2_POLICYREPORT_FGV Comunicação Rio
2024-07-02 20:00:00,1813,Eleições EUA,Evolução de menções no X,#2_POLICYREPORT_FGV Comunicação Rio
2024-07-02 21:00:00,1746,Eleições EUA,Evolução de menções no X,#2_POLICYREPORT_FGV Comunicação Rio
2024-07-02 22:00:00,1486,Eleições EUA,Evolução de menções no X,#2_POLICYREPORT_FGV Comunicação Rio
2024-07-02 23:00:00,1553,Eleições EUA,Evolução de menções no X,#2_POLICYREPORT_FGV Comunicação Rio
2024-07-03 00:00:00,966,Eleições EUA,Evolução de menções no X,#2_POLICYREPORT_FGV Comunicação Rio
2024-07-03 01:00:00,453,Eleições EUA,Evolução de menções no X,#2_POLICYREPORT_FGV Comunicação Rio
2024-07-03 02:00:00,339,Eleições EUA,Evolução de menções no X,#2_POLICYREPORT_FGV Comunicação Rio
2024-07-03 03:00:00,253,Eleições EUA,Evolução de menções no X,#2_POLICYREPORT_FGV Comunicação Rio
2024-07-03 04:00:00,393,Eleições EUA,Evolução de menções no X,#2_POLICYREPORT_FGV Comunicação Rio
2024-07-03 05:00:00,486,Eleições EUA,Evolução de menções no X,#2_POLICYREPORT_FGV Comunicação Rio
2024-07-03 06:00:00,799,Eleições EUA,Evolução de menções no X,#2_POLICYREPORT_FGV Comunicação Rio
2024-07-03 07:00:00,1053,Eleições EUA,Evolução de menções no X,#2_POLICYREPORT_FGV Comunicação Rio
2024-07-03 08:00:00,1313,Eleições EUA,Evolução de menções no X,#2_POLICYREPORT_FGV Comunicação Rio
2024-07-03 09:00:00,1579,Eleições EUA,Evolução de menções no X,#2_POLICYREPORT_FGV Comunicação Rio
2024-07-03 10:00:00,2286,Eleições EUA,Evolução de menções no X,#2_POLICYREPORT_FGV Comunicação Rio
2024-07-03 11:00:00,1979,Eleições EUA,Evolução de menções no X,#2_POLICYREPORT_FGV Comunicação Rio
2024-07-03 12:00:00,2786,Eleições EUA,Evolução de menções no X,#2_POLICYREPORT_FGV Comunicação Rio
2024-07-03 13:00:00,2593,Eleições EUA,Evolução de menções no X,#2_POLICYREPORT_FGV Comunicação Rio
2024-07-03 14:00:00,2033,Eleições EUA,Evolução de menções no X,#2_POLICYREPORT_FGV Comunicação Rio
2024-07-03 15:00:00,2666,Eleições EUA,Evolução de menções no X,#2_POLICYREPORT_FGV Comunicação Rio
2024-07-03 16:00:00,2193,Eleições EUA,Evolução de menções no X,#2_POLICYREPORT_FGV Comunicação Rio
2024-07-03 17:00:00,2173,Eleições EUA,Evolução de menções no X,#2_POLICYREPORT_FGV Comunicação Rio
2024-07-03 18:00:00,2153,Eleições EUA,Evolução de menções no X,#2_POLICYREPORT_FGV Comunicação Rio
2024-07-03 19:00:00,2459,Eleições EUA,Evolução de menções no X,#2_POLICYREPORT_FGV Comunicação Rio
2024-07-03 20:00:00,1966,Eleições EUA,Evolução de menções no X,#2_POLICYREPORT_FGV Comunicação Rio
2024-07-03 21:00:00,1753,Eleições EUA,Evolução de menções no X,#2_POLICYREPORT_FGV Comunicação Rio
2024-07-03 22:00:00,1566,Eleições EUA,Evolução de menções no X,#2_POLICYREPORT_FGV Comunicação Rio
2024-07-03 23:00:00,1639,Eleições EUA,Evolução de menções no X,#2_POLICYREPORT_FGV Comunicação Rio
2024-07-04 00:00:00,1113,Eleições EUA,Evolução de menções no X,#2_POLICYREPORT_FGV Comunicação Rio
2024-07-04 01:00:00,606,Eleições EUA,Evolução de menções no X,#2_POLICYREPORT_FGV Comunicação Rio
2024-07-04 02:00:00,359,Eleições EUA,Evolução de menções no X,#2_POLICYREPORT_FGV Comunicação Rio
2024-07-04 03:00:00,306,Eleições EUA,Evolução de menções no X,#2_POLICYREPORT_FGV Comunicação Rio
2024-07-04 04:00:00,173,Eleições EUA,Evolução de menções no X,#2_POLICYREPORT_FGV Comunicação Rio
2024-07-04 05:00:00,506,Eleições EUA,Evolução de menções no X,#2_POLICYREPORT_FGV Comunicação Rio
2024-07-04 06:00:00,599,Eleições EUA,Evolução de menções no X,#2_POLICYREPORT_FGV Comunicação Rio
2024-07-04 07:00:00,1259,Eleições EUA,Evolução de menções no X,#2_POLICYREPORT_FGV Comunicação Rio
2024-07-04 08:00:00,1306,Eleições EUA,Evolução de menções no X,#2_POLICYREPORT_FGV Comunicação Rio
2024-07-04 09:00:00,1246,Eleições EUA,Evolução de menções no X,#2_POLICYREPORT_FGV Comunicação Rio
2024-07-04 10:00:00,1346,Eleições EUA,Evolução de menções no X,#2_POLICYREPORT_FGV Comunicação Rio
2024-07-04 11:00:00,1486,Eleições EUA,Evolução de menções no X,#2_POLICYREPORT_FGV Comunicação Rio
2024-07-04 12:00:00,1506,Eleições EUA,Evolução de menções no X,#2_POLICYREPORT_FGV Comunicação Rio
2024-07-04 13:00:00,1433,Eleições EUA,Evolução de menções no X,#2_POLICYREPORT_FGV Comunicação Rio
2024-07-04 14:00:00,1539,Eleições EUA,Evolução de menções no X,#2_POLICYREPORT_FGV Comunicação Rio
2024-07-04 15:00:00,1966,Eleições EUA,Evolução de menções no X,#2_POLICYREPORT_FGV Comunicação Rio
2024-07-04 16:00:00,1819,Eleições EUA,Evolução de menções no X,#2_POLICYREPORT_FGV Comunicação Rio
2024-07-04 17:00:00,1639,Eleições EUA,Evolução de menções no X,#2_POLICYREPORT_FGV Comunicação Rio
2024-07-04 18:00:00,1839,Eleições EUA,Evolução de menções no X,#2_POLICYREPORT_FGV Comunicação Rio
2024-07-04 19:00:00,1633,Eleições EUA,Evolução de menções no X,#2_POLICYREPORT_FGV Comunicação Rio
2024-07-04 20:00:00,1466,Eleições EUA,Evolução de menções no X,#2_POLICYREPORT_FGV Comunicação Rio
2024-07-04 21:00:00,1453,Eleições EUA,Evolução de menções no X,#2_POLICYREPORT_FGV Comunicação Rio
2024-07-04 22:00:00,1253,Eleições EUA,Evolução de menções no X,#2_POLICYREPORT_FGV Comunicação Rio
2024-07-04 23:00:00,1033,Eleições EUA,Evolução de menções no X,#2_POLICYREPORT_FGV Comunicação Rio
2024-07-05 00:00:00,793,Eleições EUA,Evolução de menções no X,#2_POLICYREPORT_FGV Comunicação Rio
2024-07-05 01:00:00,353,Eleições EUA,Evolução de menções no X,#2_POLICYREPORT_FGV Comunicação Rio
2024-07-05 02:00:00,326,Eleições EUA,Evolução de menções no X,#2_POLICYREPORT_FGV Comunicação Rio
2024-07-05 03:00:00,299,Eleições EUA,Evolução de menções no X,#2_POLICYREPORT_FGV Comunicação Rio
2024-07-05 04:00:00,253,Eleições EUA,Evolução de menções no X,#2_POLICYREPORT_FGV Comunicação Rio
2024-07-05 05:00:00,286,Eleições EUA,Evolução de menções no X,#2_POLICYREPORT_FGV Comunicação Rio
2024-07-05 06:00:00,466,Eleições EUA,Evolução de menções no X,#2_POLICYREPORT_FGV Comunicação Rio
2024-07-05 07:00:00,966,Eleições EUA,Evolução de menções no X,#2_POLICYREPORT_FGV Comunicação Rio
2024-07-05 08:00:00,1146,Eleições EUA,Evolução de menções no X,#2_POLICYREPORT_FGV Comunicação Rio
2024-07-05 09:00:00,1233,Eleições EUA,Evolução de menções no X,#2_POLICYREPORT_FGV Comunicação Rio
2024-07-05 10:00:00,1286,Eleições EUA,Evolução de menções no X,#2_POLICYREPORT_FGV Comunicação Rio
2024-07-05 11:00:00,1473,Eleições EUA,Evolução de menções no X,#2_POLICYREPORT_FGV Comunicação Rio
2024-07-05 12:00:00,1266,Eleições EUA,Evolução de menções no X,#2_POLICYREPORT_FGV Comunicação Rio
2024-07-05 13:00:00,1313,Eleições EUA,Evolução de menções no X,#2_POLICYREPORT_FGV Comunicação Rio
2024-07-05 14:00:00,1419,Eleições EUA,Evolução de menções no X,#2_POLICYREPORT_FGV Comunicação Rio
2024-07-05 15:00:00,1359,Eleições EUA,Evolução de menções no X,#2_POLICYREPORT_FGV Comunicação Rio
2024-07-05 16:00:00,1739,Eleições EUA,Evolução de menções no X,#2_POLICYREPORT_FGV Comunicação Rio
2024-07-05 17:00:00,2246,Eleições EUA,Evolução de menções no X,#2_POLICYREPORT_FGV Comunicação Rio
2024-07-05 18:00:00,2419,Eleições EUA,Evolução de menções no X,#2_POLICYREPORT_FGV Comunicação Rio
2024-07-05 19:00:00,2359,Eleições EUA,Evolução de menções no X,#2_POLICYREPORT_FGV Comunicação Rio
2024-07-05 20:00:00,2039,Eleições EUA,Evolução de menções no X,#2_POLICYREPORT_FGV Comunicação Rio
2024-07-05 21:00:00,1953,Eleições EUA,Evolução de menções no X,#2_POLICYREPORT_FGV Comunicação Rio
2024-07-05 22:00:00,1573,Eleições EUA,Evolução de menções no X,#2_POLICYREPORT_FGV Comunicação Rio
2024-07-05 23:00:00,1153,Eleições EUA,Evolução de menções no X,#2_POLICYREPORT_FGV Comunicação Rio
2024-07-06 00:00:00,913,Eleições EUA,Evolução de menções no X,#2_POLICYREPORT_FGV Comunicação Rio
2024-07-06 01:00:00,566,Eleições EUA,Evolução de menções no X,#2_POLICYREPORT_FGV Comunicação Rio
2024-07-06 02:00:00,359,Eleições EUA,Evolução de menções no X,#2_POLICYREPORT_FGV Comunicação Rio
2024-07-06 03:00:00,279,Eleições EUA,Evolução de menções no X,#2_POLICYREPORT_FGV Comunicação Rio
2024-07-06 04:00:00,233,Eleições EUA,Evolução de menções no X,#2_POLICYREPORT_FGV Comunicação Rio
2024-07-06 05:00:00,333,Eleições EUA,Evolução de menções no X,#2_POLICYREPORT_FGV Comunicação Rio
2024-07-06 06:00:00,479,Eleições EUA,Evolução de menções no X,#2_POLICYREPORT_FGV Comunicação Rio
2024-07-06 07:00:00,826,Eleições EUA,Evolução de menções no X,#2_POLICYREPORT_FGV Comunicação Rio
2024-07-06 08:00:00,1186,Eleições EUA,Evolução de menções no X,#2_POLICYREPORT_FGV Comunicação Rio
2024-07-06 09:00:00,1199,Eleições EUA,Evolução de menções no X,#2_POLICYREPORT_FGV Comunicação Rio
2024-07-06 10:00:00,1039,Eleições EUA,Evolução de menções no X,#2_POLICYREPORT_FGV Comunicação Rio
2024-07-06 11:00:00,1013,Eleições EUA,Evolução de menções no X,#2_POLICYREPORT_FGV Comunicação Rio
2024-07-06 12:00:00,1166,Eleições EUA,Evolução de menções no X,#2_POLICYREPORT_FGV Comunicação Rio
2024-07-06 13:00:00,1433,Eleições EUA,Evolução de menções no X,#2_POLICYREPORT_FGV Comunicação Rio
2024-07-06 14:00:00,1613,Eleições EUA,Evolução de menções no X,#2_POLICYREPORT_FGV Comunicação Rio
2024-07-06 15:00:00,1479,Eleições EUA,Evolução de menções no X,#2_POLICYREPORT_FGV Comunicação Rio
2024-07-06 16:00:00,1206,Eleições EUA,Evolução de menções no X,#2_POLICYREPORT_FGV Comunicação Rio
2024-07-06 17:00:00,1319,Eleições EUA,Evolução de menções no X,#2_POLICYREPORT_FGV Comunicação Rio
2024-07-06 18:00:00,1273,Eleições EUA,Evolução de menções no X,#2_POLICYREPORT_FGV Comunicação Rio
2024-07-06 19:00:00,1113,Eleições EUA,Evolução de menções no X,#2_POLICYREPORT_FGV Comunicação Rio
2024-07-06 20:00:00,1013,Eleições EUA,Evolução de menções no X,#2_POLICYREPORT_FGV Comunicação Rio
2024-07-06 21:00:00,1073,Eleições EUA,Evolução de menções no X,#2_POLICYREPORT_FGV Comunicação Rio
2024-07-06 22:00:00,1086,Eleições EUA,Evolução de menções no X,#2_POLICYREPORT_FGV Comunicação Rio
2024-07-06 23:00:00,933,Eleições EUA,Evolução de menções no X,#2_POLICYREPORT_FGV Comunicação Rio
2024-07-07 00:00:00,806,Eleições EUA,Evolução de menções no X,#2_POLICYREPORT_FGV Comunicação Rio
2024-07-07 01:00:00,586,Eleições EUA,Evolução de menções no X,#2_POLICYREPORT_FGV Comunicação Rio
2024-07-07 02:00:00,286,Eleições EUA,Evolução de menções no X,#2_POLICYREPORT_FGV Comunicação Rio
2024-07-07 03:00:00,153,Eleições EUA,Evolução de menções no X,#2_POLICYREPORT_FGV Comunicação Rio
2024-07-07 04:00:00,179,Eleições EUA,Evolução de menções no X,#2_POLICYREPORT_FGV Comunicação Rio
2024-07-07 05:00:00,179,Eleições EUA,Evolução de menções no X,#2_POLICYREPORT_FGV Comunicação Rio
2024-07-07 06:00:00,333,Eleições EUA,Evolução de menções no X,#2_POLICYREPORT_FGV Comunicação Rio
2024-07-07 07:00:00,566,Eleições EUA,Evolução de menções no X,#2_POLICYREPORT_FGV Comunicação Rio
2024-07-07 08:00:00,926,Eleições EUA,Evolução de menções no X,#2_POLICYREPORT_FGV Comunicação Rio
2024-07-07 09:00:00,1119,Eleições EUA,Evolução de menções no X,#2_POLICYREPORT_FGV Comunicação Rio
2024-07-07 10:00:00,1479,Eleições EUA,Evolução de menções no X,#2_POLICYREPORT_FGV Comunicação Rio
2024-07-07 11:00:00,1186,Eleições EUA,Evolução de menções no X,#2_POLICYREPORT_FGV Comunicação Rio
2024-07-07 12:00:00,1046,Eleições EUA,Evolução de menções no X,#2_POLICYREPORT_FGV Comunicação Rio
2024-07-07 13:00:00,1086,Eleições EUA,Evolução de menções no X,#2_POLICYREPORT_FGV Comunicação Rio
2024-07-07 14:00:00,853,Eleições EUA,Evolução de menções no X,#2_POLICYREPORT_FGV Comunicação Rio
2024-07-07 15:00:00,1053,Eleições EUA,Evolução de menções no X,#2_POLICYREPORT_FGV Comunicação Rio
2024-07-07 16:00:00,893,Eleições EUA,Evolução de menções no X,#2_POLICYREPORT_FGV Comunicação Rio
2024-07-07 17:00:00,986,Eleições EUA,Evolução de menções no X,#2_POLICYREPORT_FGV Comunicação Rio
2024-07-07 18:00:00,1339,Eleições EUA,Evolução de menções no X,#2_POLICYREPORT_FGV Comunicação Rio
2024-07-07 19:00:00,1386,Eleições EUA,Evolução de menções no X,#2_POLICYREPORT_FGV Comunicação Rio
2024-07-07 20:00:00,1246,Eleições EUA,Evolução de menções no X,#2_POLICYREPORT_FGV Comunicação Rio
2024-07-07 21:00:00,926,Eleições EUA,Evolução de menções no X,#2_POLICYREPORT_FGV Comunicação Rio
2024-07-07 22:00:00,1046,Eleições EUA,Evolução de menções no X,#2_POLICYREPORT_FGV Comunicação Rio
2024-07-07 23:00:00,599,Eleições EUA,Evolução de menções no X,#2_POLICYREPORT_FGV Comunicação Rio
2024-07-08 00:00:00,526,Eleições EUA,Evolução de menções no X,#2_POLICYREPORT_FGV Comunicação Rio
2024-07-08 01:00:00,233,Eleições EUA,Evolução de menções no X,#2_POLICYREPORT_FGV Comunicação Rio
2024-07-08 02:00:00,166,Eleições EUA,Evolução de menções no X,#2_POLICYREPORT_FGV Comunicação Rio
2024-07-08 03:00:00,166,Eleições EUA,Evolução de menções no X,#2_POLICYREPORT_FGV Comunicação Rio
2024-07-08 04:00:00,159,Eleições EUA,Evolução de menções no X,#2_POLICYREPORT_FGV Comunicação Rio
2024-07-08 05:00:00,259,Eleições EUA,Evolução de menções no X,#2_POLICYREPORT_FGV Comunicação Rio
2024-07-08 06:00:00,413,Eleições EUA,Evolução de menções no X,#2_POLICYREPORT_FGV Comunicação Rio
2024-07-08 07:00:00,426,Eleições EUA,Evolução de menções no X,#2_POLICYREPORT_FGV Comunicação Rio
2024-07-08 08:00:00,679,Eleições EUA,Evolução de menções no X,#2_POLICYREPORT_FGV Comunicação Rio
2024-07-08 09:00:00,639,Eleições EUA,Evolução de menções no X,#2_POLICYREPORT_FGV Comunicação Rio
2024-07-08 10:00:00,719,Eleições EUA,Evolução de menções no X,#2_POLICYREPORT_FGV Comunicação Rio
2024-07-08 11:00:00,1013,Eleições EUA,Evolução de menções no X,#2_POLICYREPORT_FGV Comunicação Rio
2024-07-08 12:00:00,859,Eleições EUA,Evolução de menções no X,#2_POLICYREPORT_FGV Comunicação Rio
2024-07-08 13:00:00,899,Eleições EUA,Evolução de menções no X,#2_POLICYREPORT_FGV Comunicação Rio
2024-07-08 14:00:00,886,Eleições EUA,Evolução de menções no X,#2_POLICYREPORT_FGV Comunicação Rio
2024-07-08 15:00:00,753,Eleições EUA,Evolução de menções no X,#2_POLICYREPORT_FGV Comunicação Rio
2024-07-08 16:00:00,773,Eleições EUA,Evolução de menções no X,#2_POLICYREPORT_FGV Comunicação Rio
2024-07-08 17:00:00,879,Eleições EUA,Evolução de menções no X,#2_POLICYREPORT_FGV Comunicação Rio
2024-07-08 18:00:00,766,Eleições EUA,Evolução de menções no X,#2_POLICYREPORT_FGV Comunicação Rio
2024-07-08 19:00:00,866,Eleições EUA,Evolução de menções no X,#2_POLICYREPORT_FGV Comunicação Rio
2024-07-08 20:00:00,793,Eleições EUA,Evolução de menções no X,#2_POLICYREPORT_FGV Comunicação Rio
2024-07-08 21:00:00,713,Eleições EUA,Evolução de menções no X,#2_POLICYREPORT_FGV Comunicação Rio
2024-07-08 22:00:00,619,Eleições EUA,Evolução de menções no X,#2_POLICYREPORT_FGV Comunicação Rio
2024-07-08 23:00:00,526,Eleições EUA,Evolução de menções no X,#2_POLICYREPORT_FGV Comunicação Rio
2024-07-09 00:00:00,286,Eleições EUA,Evolução de menções no X,#2_POLICYREPORT_FGV Comunicação Rio
2024-07-09 01:00:00,219,Eleições EUA,Evolução de menções no X,#2_POLICYREPORT_FGV Comunicação Rio
2024-07-09 02:00:00,126,Eleições EUA,Evolução de menções no X,#2_POLICYREPORT_FGV Comunicação Rio
2024-07-09 03:00:00,113,Eleições EUA,Evolução de menções no X,#2_POLICYREPORT_FGV Comunicação Rio
2024-07-09 04:00:00,73,Eleições EUA,Evolução de menções no X,#2_POLICYREPORT_FGV Comunicação Rio
2024-07-09 05:00:00,126,Eleições EUA,Evolução de menções no X,#2_POLICYREPORT_FGV Comunicação Rio
2024-07-09 06:00:00,259,Eleições EUA,Evolução de menções no X,#2_POLICYREPORT_FGV Comunicação Rio
2024-07-09 07:00:00,373,Eleições EUA,Evolução de menções no X,#2_POLICYREPORT_FGV Comunicação Rio
2024-07-09 08:00:00,413,Eleições EUA,Evolução de menções no X,#2_POLICYREPORT_FGV Comunicação Rio
2024-07-09 09:00:00,526,Eleições EUA,Evolução de menções no X,#2_POLICYREPORT_FGV Comunicação Rio
2024-07-09 10:00:00,633,Eleições EUA,Evolução de menções no X,#2_POLICYREPORT_FGV Comunicação Rio
2024-07-09 11:00:00,626,Eleições EUA,Evolução de menções no X,#2_POLICYREPORT_FGV Comunicação Rio
2024-07-09 12:00:00,646,Eleições EUA,Evolução de menções no X,#2_POLICYREPORT_FGV Comunicação Rio
2024-07-09 13:00:00,753,Eleições EUA,Evolução de menções no X,#2_POLICYREPORT_FGV Comunicação Rio
2024-07-09 14:00:00,713,Eleições EUA,Evolução de menções no X,#2_POLICYREPORT_FGV Comunicação Rio
2024-07-09 15:00:00,673,Eleições EUA,Evolução de menções no X,#2_POLICYREPORT_FGV Comunicação Rio
2024-07-09 16:00:00,759,Eleições EUA,Evolução de menções no X,#2_POLICYREPORT_FGV Comunicação Rio
2024-07-09 17:00:00,873,Eleições EUA,Evolução de menções no X,#2_POLICYREPORT_FGV Comunicação Rio
2024-07-09 18:00:00,733,Eleições EUA,Evolução de menções no X,#2_POLICYREPORT_FGV Comunicação Rio
2024-07-09 19:00:00,1019,Eleições EUA,Evolução de menções no X,#2_POLICYREPORT_FGV Comunicação Rio
2024-07-09 20:00:00,1099,Eleições EUA,Evolução de menções no X,#2_POLICYREPORT_FGV Comunicação Rio
2024-07-09 21:00:00,913,Eleições EUA,Evolução de menções no X,#2_POLICYREPORT_FGV Comunicação Rio
2024-07-09 22:00:00,919,Eleições EUA,Evolução de menções no X,#2_POLICYREPORT_FGV Comunicação Rio
2024-07-09 23:00:00,673,Eleições EUA,Evolução de menções no X,#2_POLICYREPORT_FGV Comunicação Rio
2024-07-10 00:00:00,399,Eleições EUA,Evolução de menções no X,#2_POLICYREPORT_FGV Comunicação Rio
2024-07-10 01:00:00,386,Eleições EUA,Evolução de menções no X,#2_POLICYREPORT_FGV Comunicação Rio
2024-07-10 02:00:00,186,Eleições EUA,Evolução de menções no X,#2_POLICYREPORT_FGV Comunicação Rio
2024-07-10 03:00:00,199,Eleições EUA,Evolução de menções no X,#2_POLICYREPORT_FGV Comunicação Rio
2024-07-10 04:00:00,173,Eleições EUA,Evolução de menções no X,#2_POLICYREPORT_FGV Comunicação Rio
2024-07-10 05:00:00,219,Eleições EUA,Evolução de menções no X,#2_POLICYREPORT_FGV Comunicação Rio
2024-07-10 06:00:00,419,Eleições EUA,Evolução de menções no X,#2_POLICYREPORT_FGV Comunicação Rio
2024-07-10 07:00:00,553,Eleições EUA,Evolução de menções no X,#2_POLICYREPORT_FGV Comunicação Rio
2024-07-10 08:00:00,753,Eleições EUA,Evolução de menções no X,#2_POLICYREPORT_FGV Comunicação Rio
2024-07-10 09:00:00,979,Eleições EUA,Evolução de menções no X,#2_POLICYREPORT_FGV Comunicação Rio
2024-07-10 10:00:00,986,Eleições EUA,Evolução de menções no X,#2_POLICYREPORT_FGV Comunicação Rio
2024-07-10 11:00:00,1006,Eleições EUA,Evolução de menções no X,#2_POLICYREPORT_FGV Comunicação Rio
2024-07-10 12:00:00,1006,Eleições EUA,Evolução de menções no X,#2_POLICYREPORT_FGV Comunicação Rio
2024-07-10 13:00:00,826,Eleições EUA,Evolução de menções no X,#2_POLICYREPORT_FGV Comunicação Rio
2024-07-10 14:00:00,746,Eleições EUA,Evolução de menções no X,#2_POLICYREPORT_FGV Comunicação Rio
2024-07-10 15:00:00,766,Eleições EUA,Evolução de menções no X,#2_POLICYREPORT_FGV Comunicação Rio
2024-07-10 16:00:00,879,Eleições EUA,Evolução de menções no X,#2_POLICYREPORT_FGV Comunicação Rio
2024-07-10 17:00:00,626,Eleições EUA,Evolução de menções no X,#2_POLICYREPORT_FGV Comunicação Rio
2024-07-10 18:00:00,666,Eleições EUA,Evolução de menções no X,#2_POLICYREPORT_FGV Comunicação Rio
2024-07-10 19:00:00,719,Eleições EUA,Evolução de menções no X,#2_POLICYREPORT_FGV Comunicação Rio
2024-07-10 20:00:00,673,Eleições EUA,Evolução de menções no X,#2_POLICYREPORT_FGV Comunicação Rio
2024-07-10 21:00:00,593,Eleições EUA,Evolução de menções no X,#2_POLICYREPORT_FGV Comunicação Rio
2024-07-10 22:00:00,526,Eleições EUA,Evolução de menções no X,#2_POLICYREPORT_FGV Comunicação Rio
2024-07-10 23:00:00,379,Eleições EUA,Evolução de menções no X,#2_POLICYREPORT_FGV Comunicação Rio
2024-07-11 00:00:00,259,Eleições EUA,Evolução de menções no X,#2_POLICYREPORT_FGV Comunicação Rio
2024-07-11 01:00:00,133,Eleições EUA,Evolução de menções no X,#2_POLICYREPORT_FGV Comunicação Rio
2024-07-11 02:00:00,113,Eleições EUA,Evolução de menções no X,#2_POLICYREPORT_FGV Comunicação Rio
2024-07-11 03:00:00,79,Eleições EUA,Evolução de menções no X,#2_POLICYREPORT_FGV Comunicação Rio
2024-07-11 04:00:00,139,Eleições EUA,Evolução de menções no X,#2_POLICYREPORT_FGV Comunicação Rio
2024-07-11 05:00:00,146,Eleições EUA,Evolução de menções no X,#2_POLICYREPORT_FGV Comunicação Rio
2024-07-11 06:00:00,239,Eleições EUA,Evolução de menções no X,#2_POLICYREPORT_FGV Comunicação Rio
2024-07-11 07:00:00,373,Eleições EUA,Evolução de menções no X,#2_POLICYREPORT_FGV Comunicação Rio
2024-07-11 08:00:00,366,Eleições EUA,Evolução de menções no X,#2_POLICYREPORT_FGV Comunicação Rio
2024-07-11 09:00:00,373,Eleições EUA,Evolução de menções no X,#2_POLICYREPORT_FGV Comunicação Rio
2024-07-11 10:00:00,506,Eleições EUA,Evolução de menções no X,#2_POLICYREPORT_FGV Comunicação Rio
2024-07-11 11:00:00,666,Eleições EUA,Evolução de menções no X,#2_POLICYREPORT_FGV Comunicação Rio
2024-07-11 12:00:00,473,Eleições EUA,Evolução de menções no X,#2_POLICYREPORT_FGV Comunicação Rio
2024-07-11 13:00:00,426,Eleições EUA,Evolução de menções no X,#2_POLICYREPORT_FGV Comunicação Rio
2024-07-11 14:00:00,446,Eleições EUA,Evolução de menções no X,#2_POLICYREPORT_FGV Comunicação Rio
2024-07-11 15:00:00,446,Eleições EUA,Evolução de menções no X,#2_POLICYREPORT_FGV Comunicação Rio
2024-07-11 16:00:00,573,Eleições EUA,Evolução de menções no X,#2_POLICYREPORT_FGV Comunicação Rio
2024-07-11 17:00:00,613,Eleições EUA,Evolução de menções no X,#2_POLICYREPORT_FGV Comunicação Rio
2024-07-11 18:00:00,626,Eleições EUA,Evolução de menções no X,#2_POLICYREPORT_FGV Comunicação Rio
2024-07-11 19:00:00,2073,Eleições EUA,Evolução de menções no X,#2_POLICYREPORT_FGV Comunicação Rio
2024-07-11 20:00:00,2899,Eleições EUA,Evolução de menções no X,#2_POLICYREPORT_FGV Comunicação Rio
2024-07-11 21:00:00,3766,Eleições EUA,Evolução de menções no X,#2_POLICYREPORT_FGV Comunicação Rio
2024-07-11 22:00:00,2439,Eleições EUA,Evolução de menções no X,#2_POLICYREPORT_FGV Comunicação Rio
2024-07-11 23:00:00,2419,Eleições EUA,Evolução de menções no X,#2_POLICYREPORT_FGV Comunicação Rio
2024-07-12 00:00:00,1406,Eleições EUA,Evolução de menções no X,#2_POLICYREPORT_FGV Comunicação Rio
2024-07-12 01:00:00,726,Eleições EUA,Evolução de menções no X,#2_POLICYREPORT_FGV Comunicação Rio
2024-07-12 02:00:00,473,Eleições EUA,Evolução de menções no X,#2_POLICYREPORT_FGV Comunicação Rio
2024-07-12 03:00:00,413,Eleições EUA,Evolução de menções no X,#2_POLICYREPORT_FGV Comunicação Rio
2024-07-12 04:00:00,293,Eleições EUA,Evolução de menções no X,#2_POLICYREPORT_FGV Comunicação Rio
2024-07-12 05:00:00,539,Eleições EUA,Evolução de menções no X,#2_POLICYREPORT_FGV Comunicação Rio
2024-07-12 06:00:00,653,Eleições EUA,Evolução de menções no X,#2_POLICYREPORT_FGV Comunicação Rio
2024-07-12 07:00:00,1319,Eleições EUA,Evolução de menções no X,#2_POLICYREPORT_FGV Comunicação Rio
2024-07-12 08:00:00,1613,Eleições EUA,Evolução de menções no X,#2_POLICYREPORT_FGV Comunicação Rio
2024-07-12 09:00:00,1606,Eleições EUA,Evolução de menções no X,#2_POLICYREPORT_FGV Comunicação Rio
2024-07-12 10:00:00,1613,Eleições EUA,Evolução de menções no X,#2_POLICYREPORT_FGV Comunicação Rio
2024-07-12 11:00:00,1713,Eleições EUA,Evolução de menções no X,#2_POLICYREPORT_FGV Comunicação Rio
2024-07-12 12:00:00,1453,Eleições EUA,Evolução de menções no X,#2_POLICYREPORT_FGV Comunicação Rio
2024-07-12 13:00:00,1453,Eleições EUA,Evolução de menções no X,#2_POLICYREPORT_FGV Comunicação Rio
2024-07-12 14:00:00,1393,Eleições EUA,Evolução de menções no X,#2_POLICYREPORT_FGV Comunicação Rio
2024-07-12 15:00:00,1439,Eleições EUA,Evolução de menções no X,#2_POLICYREPORT_FGV Comunicação Rio
2024-07-12 16:00:00,1413,Eleições EUA,Evolução de menções no X,#2_POLICYREPORT_FGV Comunicação Rio
2024-07-12 17:00:00,1079,Eleições EUA,Evolução de menções no X,#2_POLICYREPORT_FGV Comunicação Rio
2024-07-12 18:00:00,1266,Eleições EUA,Evolução de menções no X,#2_POLICYREPORT_FGV Comunicação Rio
2024-07-12 19:00:00,1306,Eleições EUA,Evolução de menções no X,#2_POLICYREPORT_FGV Comunicação Rio
2024-07-12 20:00:00,1406,Eleições EUA,Evolução de menções no X,#2_POLICYREPORT_FGV Comunicação Rio
2024-07-12 21:00:00,1533,Eleições EUA,Evolução de menções no X,#2_POLICYREPORT_FGV Comunicação Rio
2024-07-12 22:00:00,1373,Eleições EUA,Evolução de menções no X,#2_POLICYREPORT_FGV Comunicação Rio
2024-07-12 23:00:00,1059,Eleições EUA,Evolução de menções no X,#2_POLICYREPORT_FGV Comunicação Rio
2024-07-13 00:00:00,706,Eleições EUA,Evolução de menções no X,#2_POLICYREPORT_FGV Comunicação Rio
2024-07-13 01:00:00,413,Eleições EUA,Evolução de menções no X,#2_POLICYREPORT_FGV Comunicação Rio
2024-07-13 02:00:00,313,Eleições EUA,Evolução de menções no X,#2_POLICYREPORT_FGV Comunicação Rio
2024-07-13 03:00:00,193,Eleições EUA,Evolução de menções no X,#2_POLICYREPORT_FGV Comunicação Rio
2024-07-13 04:00:00,259,Eleições EUA,Evolução de menções no X,#2_POLICYREPORT_FGV Comunicação Rio
2024-07-13 05:00:00,273,Eleições EUA,Evolução de menções no X,#2_POLICYREPORT_FGV Comunicação Rio
2024-07-13 06:00:00,426,Eleições EUA,Evolução de menções no X,#2_POLICYREPORT_FGV Comunicação Rio
2024-07-13 07:00:00,666,Eleições EUA,Evolução de menções no X,#2_POLICYREPORT_FGV Comunicação Rio
2024-07-13 08:00:00,973,Eleições EUA,Evolução de menções no X,#2_POLICYREPORT_FGV Comunicação Rio
2024-07-13 09:00:00,986,Eleições EUA,Evolução de menções no X,#2_POLICYREPORT_FGV Comunicação Rio
2024-07-13 10:00:00,993,Eleições EUA,Evolução de menções no X,#2_POLICYREPORT_FGV Comunicação Rio
2024-07-13 11:00:00,979,Eleições EUA,Evolução de menções no X,#2_POLICYREPORT_FGV Comunicação Rio
2024-07-13 12:00:00,766,Eleições EUA,Evolução de menções no X,#2_POLICYREPORT_FGV Comunicação Rio
2024-07-13 13:00:00,899,Eleições EUA,Evolução de menções no X,#2_POLICYREPORT_FGV Comunicação Rio
2024-07-13 14:00:00,973,Eleições EUA,Evolução de menções no X,#2_POLICYREPORT_FGV Comunicação Rio
2024-07-13 15:00:00,806,Eleições EUA,Evolução de menções no X,#2_POLICYREPORT_FGV Comunicação Rio
2024-07-13 16:00:00,1073,Eleições EUA,Evolução de menções no X,#2_POLICYREPORT_FGV Comunicação Rio
2024-07-13 17:00:00,879,Eleições EUA,Evolução de menções no X,#2_POLICYREPORT_FGV Comunicação Rio
2024-07-13 18:00:00,886,Eleições EUA,Evolução de menções no X,#2_POLICYREPORT_FGV Comunicação Rio
2024-07-13 19:00:00,30199,Eleições EUA,Evolução de menções no X,#2_POLICYREPORT_FGV Comunicação Rio
2024-07-13 20:00:00,114506,Eleições EUA,Evolução de menções no X,#2_POLICYREPORT_FGV Comunicação Rio
2024-07-13 21:00:00,108471,Eleições EUA,Evolução de menções no X,#2_POLICYREPORT_FGV Comunicação Rio
2024-07-13 22:00:00,72232,Eleições EUA,Evolução de menções no X,#2_POLICYREPORT_FGV Comunicação Rio
2024-07-13 23:00:00,53754,Eleições EUA,Evolução de menções no X,#2_POLICYREPORT_FGV Comunicação Rio
2024-07-14 00:00:00,32994,Eleições EUA,Evolução de menções no X,#2_POLICYREPORT_FGV Comunicação Rio
2024-07-14 01:00:00,19387,Eleições EUA,Evolução de menções no X,#2_POLICYREPORT_FGV Comunicação Rio
2024-07-14 02:00:00,11495,Eleições EUA,Evolução de menções no X,#2_POLICYREPORT_FGV Comunicação Rio
2024-07-14 03:00:00,7616,Eleições EUA,Evolução de menções no X,#2_POLICYREPORT_FGV Comunicação Rio
2024-07-14 04:00:00,6370,Eleições EUA,Evolução de menções no X,#2_POLICYREPORT_FGV Comunicação Rio
2024-07-14 05:00:00,7086,Eleições EUA,Evolução de menções no X,#2_POLICYREPORT_FGV Comunicação Rio
2024-07-14 06:00:00,9705,Eleições EUA,Evolução de menções no X,#2_POLICYREPORT_FGV Comunicação Rio
2024-07-14 07:00:00,16329,Eleições EUA,Evolução de menções no X,#2_POLICYREPORT_FGV Comunicação Rio
2024-07-14 08:00:00,23908,Eleições EUA,Evolução de menções no X,#2_POLICYREPORT_FGV Comunicação Rio
2024-07-14 09:00:00,30763,Eleições EUA,Evolução de menções no X,#2_POLICYREPORT_FGV Comunicação Rio
2024-07-14 10:00:00,34702,Eleições EUA,Evolução de menções no X,#2_POLICYREPORT_FGV Comunicação Rio
2024-07-14 11:00:00,33359,Eleições EUA,Evolução de menções no X,#2_POLICYREPORT_FGV Comunicação Rio
2024-07-14 12:00:00,31949,Eleições EUA,Evolução de menções no X,#2_POLICYREPORT_FGV Comunicação Rio
2024-07-14 13:00:00,30554,Eleições EUA,Evolução de menções no X,#2_POLICYREPORT_FGV Comunicação Rio
2024-07-14 14:00:00,27943,Eleições EUA,Evolução de menções no X,#2_POLICYREPORT_FGV Comunicação Rio
2024-07-14 15:00:00,26474,Eleições EUA,Evolução de menções no X,#2_POLICYREPORT_FGV Comunicação Rio
2024-07-14 16:00:00,26250,Eleições EUA,Evolução de menções no X,#2_POLICYREPORT_FGV Comunicação Rio
2024-07-14 17:00:00,25057,Eleições EUA,Evolução de menções no X,#2_POLICYREPORT_FGV Comunicação Rio
2024-07-14 18:00:00,24467,Eleições EUA,Evolução de menções no X,#2_POLICYREPORT_FGV Comunicação Rio
2024-07-14 19:00:00,24505,Eleições EUA,Evolução de menções no X,#2_POLICYREPORT_FGV Comunicação Rio
2024-07-14 20:00:00,23408,Eleições EUA,Evolução de menções no X,#2_POLICYREPORT_FGV Comunicação Rio
2024-07-14 21:00:00,22079,Eleições EUA,Evolução de menções no X,#2_POLICYREPORT_FGV Comunicação Rio
2024-07-14 22:00:00,19586,Eleições EUA,Evolução de menções no X,#2_POLICYREPORT_FGV Comunicação Rio
2024-07-14 23:00:00,16853,Eleições EUA,Evolução de menções no X,#2_POLICYREPORT_FGV Comunicação Rio
2024-07-15 00:00:00,10906,Eleições EUA,Evolução de menções no X,#2_POLICYREPORT_FGV Comunicação Rio
2024-07-15 01:00:00,7053,Eleições EUA,Evolução de menções no X,#2_POLICYREPORT_FGV Comunicação Rio
2024-07-15 02:00:00,4133,Eleições EUA,Evolução de menções no X,#2_POLICYREPORT_FGV Comunicação Rio
2024-07-15 03:00:00,2753,Eleições EUA,Evolução de menções no X,#2_POLICYREPORT_FGV Comunicação Rio
2024-07-15 04:00:00,2519,Eleições EUA,Evolução de menções no X,#2_POLICYREPORT_FGV Comunicação Rio
2024-07-15 05:00:00,3673,Eleições EUA,Evolução de menções no X,#2_POLICYREPORT_FGV Comunicação Rio
2024-07-15 06:00:00,6306,Eleições EUA,Evolução de menções no X,#2_POLICYREPORT_FGV Comunicação Rio
2024-07-15 07:00:00,10193,Eleições EUA,Evolução de menções no X,#2_POLICYREPORT_FGV Comunicação Rio
2024-07-15 08:00:00,11879,Eleições EUA,Evolução de menções no X,#2_POLICYREPORT_FGV Comunicação Rio
2024-07-15 09:00:00,13026,Eleições EUA,Evolução de menções no X,#2_POLICYREPORT_FGV Comunicação Rio
2024-07-15 10:00:00,12846,Eleições EUA,Evolução de menções no X,#2_POLICYREPORT_FGV Comunicação Rio
2024-07-15 11:00:00,13606,Eleições EUA,Evolução de menções no X,#2_POLICYREPORT_FGV Comunicação Rio
2024-07-15 12:00:00,13833,Eleições EUA,Evolução de menções no X,#2_POLICYREPORT_FGV Comunicação Rio
2024-07-15 13:00:00,14253,Eleições EUA,Evolução de menções no X,#2_POLICYREPORT_FGV Comunicação Rio
2024-07-15 14:00:00,11839,Eleições EUA,Evolução de menções no X,#2_POLICYREPORT_FGV Comunicação Rio
2024-07-15 15:00:00,11686,Eleições EUA,Evolução de menções no X,#2_POLICYREPORT_FGV Comunicação Rio
2024-07-15 16:00:00,13106,Eleições EUA,Evolução de menções no X,#2_POLICYREPORT_FGV Comunicação Rio
2024-07-15 17:00:00,13913,Eleições EUA,Evolução de menções no X,#2_POLICYREPORT_FGV Comunicação Rio
2024-07-15 18:00:00,12793,Eleições EUA,Evolução de menções no X,#2_POLICYREPORT_FGV Comunicação Rio
2024-07-15 19:00:00,10566,Eleições EUA,Evolução de menções no X,#2_POLICYREPORT_FGV Comunicação Rio
2024-07-15 20:00:00,10846,Eleições EUA,Evolução de menções no X,#2_POLICYREPORT_FGV Comunicação Rio
2024-07-15 21:00:00,10259,Eleições EUA,Evolução de menções no X,#2_POLICYREPORT_FGV Comunicação Rio
2024-07-15 22:00:00,9959,Eleições EUA,Evolução de menções no X,#2_POLICYREPORT_FGV Comunicação Rio
2024-07-15 23:00:00,9113,Eleições EUA,Evolução de menções no X,#2_POLICYREPORT_FGV Comunicação Rio
2024-07-16 00:00:00,6746,Eleições EUA,Evolução de menções no X,#2_POLICYREPORT_FGV Comunicação Rio
2024-07-16 01:00:00,3379,Eleições EUA,Evolução de menções no X,#2_POLICYREPORT_FGV Comunicação Rio
2024-07-16 02:00:00,2326,Eleições EUA,Evolução de menções no X,#2_POLICYREPORT_FGV Comunicação Rio
2024-07-16 03:00:00,1699,Eleições EUA,Evolução de menções no X,#2_POLICYREPORT_FGV Comunicação Rio
2024-07-16 04:00:00,1726,Eleições EUA,Evolução de menções no X,#2_POLICYREPORT_FGV Comunicação Rio
2024-07-16 05:00:00,2533,Eleições EUA,Evolução de menções no X,#2_POLICYREPORT_FGV Comunicação Rio
2024-07-16 06:00:00,4459,Eleições EUA,Evolução de menções no X,#2_POLICYREPORT_FGV Comunicação Rio
2024-07-16 07:00:00,6459,Eleições EUA,Evolução de menções no X,#2_POLICYREPORT_FGV Comunicação Rio
2024-07-16 08:00:00,8259,Eleições EUA,Evolução de menções no X,#2_POLICYREPORT_FGV Comunicação Rio
2024-07-16 09:00:00,7653,Eleições EUA,Evolução de menções no X,#2_POLICYREPORT_FGV Comunicação Rio
2024-07-16 10:00:00,7933,Eleições EUA,Evolução de menções no X,#2_POLICYREPORT_FGV Comunicação Rio
2024-07-16 11:00:00,7373,Eleições EUA,Evolução de menções no X,#2_POLICYREPORT_FGV Comunicação Rio
2024-07-16 12:00:00,7533,Eleições EUA,Evolução de menções no X,#2_POLICYREPORT_FGV Comunicação Rio
2024-07-16 13:00:00,7546,Eleições EUA,Evolução de menções no X,#2_POLICYREPORT_FGV Comunicação Rio
2024-07-16 14:00:00,6193,Eleições EUA,Evolução de menções no X,#2_POLICYREPORT_FGV Comunicação Rio
2024-07-16 15:00:00,5873,Eleições EUA,Evolução de menções no X,#2_POLICYREPORT_FGV Comunicação Rio
2024-07-16 16:00:00,5706,Eleições EUA,Evolução de menções no X,#2_POLICYREPORT_FGV Comunicação Rio
2024-07-16 17:00:00,5773,Eleições EUA,Evolução de menções no X,#2_POLICYREPORT_FGV Comunicação Rio
2024-07-16 18:00:00,6713,Eleições EUA,Evolução de menções no X,#2_POLICYREPORT_FGV Comunicação Rio
2024-07-16 19:00:00,7219,Eleições EUA,Evolução de menções no X,#2_POLICYREPORT_FGV Comunicação Rio
2024-07-16 20:00:00,6733,Eleições EUA,Evolução de menções no X,#2_POLICYREPORT_FGV Comunicação Rio
2024-07-16 21:00:00,5779,Eleições EUA,Evolução de menções no X,#2_POLICYREPORT_FGV Comunicação Rio
2024-07-16 22:00:00,5946,Eleições EUA,Evolução de menções no X,#2_POLICYREPORT_FGV Comunicação Rio
2024-07-16 23:00:00,5246,Eleições EUA,Evolução de menções no X,#2_POLICYREPORT_FGV Comunicação Rio
2024-07-17 00:00:00,3199,Eleições EUA,Evolução de menções no X,#2_POLICYREPORT_FGV Comunicação Rio
2024-07-17 01:00:00,1953,Eleições EUA,Evolução de menções no X,#2_POLICYREPORT_FGV Comunicação Rio
2024-07-17 02:00:00,1066,Eleições EUA,Evolução de menções no X,#2_POLICYREPORT_FGV Comunicação Rio
2024-07-17 03:00:00,959,Eleições EUA,Evolução de menções no X,#2_POLICYREPORT_FGV Comunicação Rio
2024-07-17 04:00:00,919,Eleições EUA,Evolução de menções no X,#2_POLICYREPORT_FGV Comunicação Rio
2024-07-17 05:00:00,1446,Eleições EUA,Evolução de menções no X,#2_POLICYREPORT_FGV Comunicação Rio
2024-07-17 06:00:00,1866,Eleições EUA,Evolução de menções no X,#2_POLICYREPORT_FGV Comunicação Rio
2024-07-17 07:00:00,2899,Eleições EUA,Evolução de menções no X,#2_POLICYREPORT_FGV Comunicação Rio
2024-07-17 08:00:00,3446,Eleições EUA,Evolução de menções no X,#2_POLICYREPORT_FGV Comunicação Rio
2024-07-17 09:00:00,3373,Eleições EUA,Evolução de menções no X,#2_POLICYREPORT_FGV Comunicação Rio
2024-07-17 10:00:00,3706,Eleições EUA,Evolução de menções no X,#2_POLICYREPORT_FGV Comunicação Rio
2024-07-17 11:00:00,3566,Eleições EUA,Evolução de menções no X,#2_POLICYREPORT_FGV Comunicação Rio
2024-07-17 12:00:00,4006,Eleições EUA,Evolução de menções no X,#2_POLICYREPORT_FGV Comunicação Rio
2024-07-17 13:00:00,4226,Eleições EUA,Evolução de menções no X,#2_POLICYREPORT_FGV Comunicação Rio
2024-07-17 14:00:00,4013,Eleições EUA,Evolução de menções no X,#2_POLICYREPORT_FGV Comunicação Rio
2024-07-17 15:00:00,4046,Eleições EUA,Evolução de menções no X,#2_POLICYREPORT_FGV Comunicação Rio
2024-07-17 16:00:00,4139,Eleições EUA,Evolução de menções no X,#2_POLICYREPORT_FGV Comunicação Rio
2024-07-17 17:00:00,4799,Eleições EUA,Evolução de menções no X,#2_POLICYREPORT_FGV Comunicação Rio
2024-07-17 18:00:00,5486,Eleições EUA,Evolução de menções no X,#2_POLICYREPORT_FGV Comunicação Rio
2024-07-17 19:00:00,6273,Eleições EUA,Evolução de menções no X,#2_POLICYREPORT_FGV Comunicação Rio
2024-07-17 20:00:00,6793,Eleições EUA,Evolução de menções no X,#2_POLICYREPORT_FGV Comunicação Rio
2024-07-17 21:00:00,5879,Eleições EUA,Evolução de menções no X,#2_POLICYREPORT_FGV Comunicação Rio
2024-07-17 22:00:00,5173,Eleições EUA,Evolução de menções no X,#2_POLICYREPORT_FGV Comunicação Rio
2024-07-17 23:00:00,4086,Eleições EUA,Evolução de menções no X,#2_POLICYREPORT_FGV Comunicação Rio
2024-07-18 00:00:00,2859,Eleições EUA,Evolução de menções no X,#2_POLICYREPORT_FGV Comunicação Rio
2024-07-18 01:00:00,1386,Eleições EUA,Evolução de menções no X,#2_POLICYREPORT_FGV Comunicação Rio
2024-07-18 02:00:00,1026,Eleições EUA,Evolução de menções no X,#2_POLICYREPORT_FGV Comunicação Rio
2024-07-18 03:00:00,766,Eleições EUA,Evolução de menções no X,#2_POLICYREPORT_FGV Comunicação Rio
2024-07-18 04:00:00,713,Eleições EUA,Evolução de menções no X,#2_POLICYREPORT_FGV Comunicação Rio
2024-07-18 05:00:00,1093,Eleições EUA,Evolução de menções no X,#2_POLICYREPORT_FGV Comunicação Rio
2024-07-18 06:00:00,1826,Eleições EUA,Evolução de menções no X,#2_POLICYREPORT_FGV Comunicação Rio
2024-07-18 07:00:00,2533,Eleições EUA,Evolução de menções no X,#2_POLICYREPORT_FGV Comunicação Rio
2024-07-18 08:00:00,3513,Eleições EUA,Evolução de menções no X,#2_POLICYREPORT_FGV Comunicação Rio
2024-07-18 09:00:00,4093,Eleições EUA,Evolução de menções no X,#2_POLICYREPORT_FGV Comunicação Rio
2024-07-18 10:00:00,4206,Eleições EUA,Evolução de menções no X,#2_POLICYREPORT_FGV Comunicação Rio
2024-07-18 11:00:00,4499,Eleições EUA,Evolução de menções no X,#2_POLICYREPORT_FGV Comunicação Rio
2024-07-18 12:00:00,4526,Eleições EUA,Evolução de menções no X,#2_POLICYREPORT_FGV Comunicação Rio
2024-07-18 13:00:00,4246,Eleições EUA,Evolução de menções no X,#2_POLICYREPORT_FGV Comunicação Rio
2024-07-18 14:00:00,4366,Eleições EUA,Evolução de menções no X,#2_POLICYREPORT_FGV Comunicação Rio
2024-07-18 15:00:00,3506,Eleições EUA,Evolução de menções no X,#2_POLICYREPORT_FGV Comunicação Rio
2024-07-18 16:00:00,3166,Eleições EUA,Evolução de menções no X,#2_POLICYREPORT_FGV Comunicação Rio
2024-07-18 17:00:00,3613,Eleições EUA,Evolução de menções no X,#2_POLICYREPORT_FGV Comunicação Rio
2024-07-18 18:00:00,4153,Eleições EUA,Evolução de menções no X,#2_POLICYREPORT_FGV Comunicação Rio
2024-07-18 19:00:00,3979,Eleições EUA,Evolução de menções no X,#2_POLICYREPORT_FGV Comunicação Rio
2024-07-18 20:00:00,4553,Eleições EUA,Evolução de menções no X,#2_POLICYREPORT_FGV Comunicação Rio
2024-07-18 21:00:00,4379,Eleições EUA,Evolução de menções no X,#2_POLICYREPORT_FGV Comunicação Rio
2024-07-18 22:00:00,3839,Eleições EUA,Evolução de menções no X,#2_POLICYREPORT_FGV Comunicação Rio
2024-07-18 23:00:00,3913,Eleições EUA,Evolução de menções no X,#2_POLICYREPORT_FGV Comunicação Rio
2024-07-19 00:00:00,3393,Eleições EUA,Evolução de menções no X,#2_POLICYREPORT_FGV Comunicação Rio
2024-07-19 01:00:00,2079,Eleições EUA,Evolução de menções no X,#2_POLICYREPORT_FGV Comunicação Rio
2024-07-19 02:00:00,1086,Eleições EUA,Evolução de menções no X,#2_POLICYREPORT_FGV Comunicação Rio
2024-07-19 03:00:00,753,Eleições EUA,Evolução de menções no X,#2_POLICYREPORT_FGV Comunicação Rio
2024-07-19 04:00:00,719,Eleições EUA,Evolução de menções no X,#2_POLICYREPORT_FGV Comunicação Rio
2024-07-19 05:00:00,1133,Eleições EUA,Evolução de menções no X,#2_POLICYREPORT_FGV Comunicação Rio
2024-07-19 06:00:00,1959,Eleições EUA,Evolução de menções no X,#2_POLICYREPORT_FGV Comunicação Rio
2024-07-19 07:00:00,3219,Eleições EUA,Evolução de menções no X,#2_POLICYREPORT_FGV Comunicação Rio
2024-07-19 08:00:00,3626,Eleições EUA,Evolução de menções no X,#2_POLICYREPORT_FGV Comunicação Rio
2024-07-19 09:00:00,4839,Eleições EUA,Evolução de menções no X,#2_POLICYREPORT_FGV Comunicação Rio
2024-07-19 10:00:00,4773,Eleições EUA,Evolução de menções no X,#2_POLICYREPORT_FGV Comunicação Rio
2024-07-19 11:00:00,4233,Eleições EUA,Evolução de menções no X,#2_POLICYREPORT_FGV Comunicação Rio
2024-07-19 12:00:00,4473,Eleições EUA,Evolução de menções no X,#2_POLICYREPORT_FGV Comunicação Rio
2024-07-19 13:00:00,4173,Eleições EUA,Evolução de menções no X,#2_POLICYREPORT_FGV Comunicação Rio
2024-07-19 14:00:00,3653,Eleições EUA,Evolução de menções no X,#2_POLICYREPORT_FGV Comunicação Rio
2024-07-19 15:00:00,3619,Eleições EUA,Evolução de menções no X,#2_POLICYREPORT_FGV Comunicação Rio
2024-07-19 16:00:00,3446,Eleições EUA,Evolução de menções no X,#2_POLICYREPORT_FGV Comunicação Rio
2024-07-19 17:00:00,3286,Eleições EUA,Evolução de menções no X,#2_POLICYREPORT_FGV Comunicação Rio
2024-07-19 18:00:00,3906,Eleições EUA,Evolução de menções no X,#2_POLICYREPORT_FGV Comunicação Rio
2024-07-19 19:00:00,4146,Eleições EUA,Evolução de menções no X,#2_POLICYREPORT_FGV Comunicação Rio
2024-07-19 20:00:00,3359,Eleições EUA,Evolução de menções no X,#2_POLICYREPORT_FGV Comunicação Rio
2024-07-19 21:00:00,3586,Eleições EUA,Evolução de menções no X,#2_POLICYREPORT_FGV Comunicação Rio
2024-07-19 22:00:00,3699,Eleições EUA,Evolução de menções no X,#2_POLICYREPORT_FGV Comunicação Rio
2024-07-19 23:00:00,2859,Eleições EUA,Evolução de menções no X,#2_POLICYREPORT_FGV Comunicação Rio
2024-07-20 00:00:00,1759,Eleições EUA,Evolução de menções no X,#2_POLICYREPORT_FGV Comunicação Rio
2024-07-20 01:00:00,1199,Eleições EUA,Evolução de menções no X,#2_POLICYREPORT_FGV Comunicação Rio
2024-07-20 02:00:00,826,Eleições EUA,Evolução de menções no X,#2_POLICYREPORT_FGV Comunicação Rio
2024-07-20 03:00:00,499,Eleições EUA,Evolução de menções no X,#2_POLICYREPORT_FGV Comunicação Rio
2024-07-20 04:00:00,566,Eleições EUA,Evolução de menções no X,#2_POLICYREPORT_FGV Comunicação Rio
2024-07-20 05:00:00,719,Eleições EUA,Evolução de menções no X,#2_POLICYREPORT_FGV Comunicação Rio
2024-07-20 06:00:00,1179,Eleições EUA,Evolução de menções no X,#2_POLICYREPORT_FGV Comunicação Rio
2024-07-20 07:00:00,1779,Eleições EUA,Evolução de menções no X,#2_POLICYREPORT_FGV Comunicação Rio
2024-07-20 08:00:00,2193,Eleições EUA,Evolução de menções no X,#2_POLICYREPORT_FGV Comunicação Rio
2024-07-20 09:00:00,1986,Eleições EUA,Evolução de menções no X,#2_POLICYREPORT_FGV Comunicação Rio
2024-07-20 10:00:00,1799,Eleições EUA,Evolução de menções no X,#2_POLICYREPORT_FGV Comunicação Rio
2024-07-20 11:00:00,1893,Eleições EUA,Evolução de menções no X,#2_POLICYREPORT_FGV Comunicação Rio
2024-07-20 12:00:00,1993,Eleições EUA,Evolução de menções no X,#2_POLICYREPORT_FGV Comunicação Rio
2024-07-20 13:00:00,1859,Eleições EUA,Evolução de menções no X,#2_POLICYREPORT_FGV Comunicação Rio
2024-07-20 14:00:00,2126,Eleições EUA,Evolução de menções no X,#2_POLICYREPORT_FGV Comunicação Rio
2024-07-20 15:00:00,1793,Eleições EUA,Evolução de menções no X,#2_POLICYREPORT_FGV Comunicação Rio
2024-07-20 16:00:00,2033,Eleições EUA,Evolução de menções no X,#2_POLICYREPORT_FGV Comunicação Rio
2024-07-20 17:00:00,2059,Eleições EUA,Evolução de menções no X,#2_POLICYREPORT_FGV Comunicação Rio
2024-07-20 18:00:00,2513,Eleições EUA,Evolução de menções no X,#2_POLICYREPORT_FGV Comunicação Rio
2024-07-20 19:00:00,3406,Eleições EUA,Evolução de menções no X,#2_POLICYREPORT_FGV Comunicação Rio
2024-07-20 20:00:00,2899,Eleições EUA,Evolução de menções no X,#2_POLICYREPORT_FGV Comunicação Rio
2024-07-20 21:00:00,2833,Eleições EUA,Evolução de menções no X,#2_POLICYREPORT_FGV Comunicação Rio
2024-07-20 22:00:00,2679,Eleições EUA,Evolução de menções no X,#2_POLICYREPORT_FGV Comunicação Rio
2024-07-20 23:00:00,2066,Eleições EUA,Evolução de menções no X,#2_POLICYREPORT_FGV Comunicação Rio
2024-07-21 00:00:00,1613,Eleições EUA,Evolução de menções no X,#2_POLICYREPORT_FGV Comunicação Rio
2024-07-21 01:00:00,913,Eleições EUA,Evolução de menções no X,#2_POLICYREPORT_FGV Comunicação Rio
2024-07-21 02:00:00,606,Eleições EUA,Evolução de menções no X,#2_POLICYREPORT_FGV Comunicação Rio
2024-07-21 03:00:00,439,Eleições EUA,Evolução de menções no X,#2_POLICYREPORT_FGV Comunicação Rio
2024-07-21 04:00:00,433,Eleições EUA,Evolução de menções no X,#2_POLICYREPORT_FGV Comunicação Rio
2024-07-21 05:00:00,473,Eleições EUA,Evolução de menções no X,#2_POLICYREPORT_FGV Comunicação Rio
2024-07-21 06:00:00,773,Eleições EUA,Evolução de menções no X,#2_POLICYREPORT_FGV Comunicação Rio
2024-07-21 07:00:00,1153,Eleições EUA,Evolução de menções no X,#2_POLICYREPORT_FGV Comunicação Rio
2024-07-21 08:00:00,1706,Eleições EUA,Evolução de menções no X,#2_POLICYREPORT_FGV Comunicação Rio
2024-07-21 09:00:00,2113,Eleições EUA,Evolução de menções no X,#2_POLICYREPORT_FGV Comunicação Rio
2024-07-21 10:00:00,1999,Eleições EUA,Evolução de menções no X,#2_POLICYREPORT_FGV Comunicação Rio
2024-07-21 11:00:00,2253,Eleições EUA,Evolução de menções no X,#2_POLICYREPORT_FGV Comunicação Rio
2024-07-21 12:00:00,2566,Eleições EUA,Evolução de menções no X,#2_POLICYREPORT_FGV Comunicação Rio
2024-07-21 13:00:00,2353,Eleições EUA,Evolução de menções no X,#2_POLICYREPORT_FGV Comunicação Rio
2024-07-21 14:00:00,3739,Eleições EUA,Evolução de menções no X,#2_POLICYREPORT_FGV Comunicação Rio
2024-07-21 15:00:00,39686,Eleições EUA,Evolução de menções no X,#2_POLICYREPORT_FGV Comunicação Rio
2024-07-21 16:00:00,33573,Eleições EUA,Evolução de menções no X,#2_POLICYREPORT_FGV Comunicação Rio
2024-07-21 17:00:00,28146,Eleições EUA,Evolução de menções no X,#2_POLICYREPORT_FGV Comunicação Rio
2024-07-21 18:00:00,25219,Eleições EUA,Evolução de menções no X,#2_POLICYREPORT_FGV Comunicação Rio
2024-07-21 19:00:00,24799,Eleições EUA,Evolução de menções no X,#2_POLICYREPORT_FGV Comunicação Rio
2024-07-21 20:00:00,22953,Eleições EUA,Evolução de menções no X,#2_POLICYREPORT_FGV Comunicação Rio
2024-07-21 21:00:00,21499,Eleições EUA,Evolução de menções no X,#2_POLICYREPORT_FGV Comunicação Rio
2024-07-21 22:00:00,16946,Eleições EUA,Evolução de menções no X,#2_POLICYREPORT_FGV Comunicação Rio
2024-07-21 23:00:00,13639,Eleições EUA,Evolução de menções no X,#2_POLICYREPORT_FGV Comunicação Rio
2024-07-22 00:00:00,8353,Eleições EUA,Evolução de menções no X,#2_POLICYREPORT_FGV Comunicação Rio
2024-07-22 01:00:00,4753,Eleições EUA,Evolução de menções no X,#2_POLICYREPORT_FGV Comunicação Rio
2024-07-22 02:00:00,2773,Eleições EUA,Evolução de menções no X,#2_POLICYREPORT_FGV Comunicação Rio
2024-07-22 03:00:00,2086,Eleições EUA,Evolução de menções no X,#2_POLICYREPORT_FGV Comunicação Rio
2024-07-22 04:00:00,2086,Eleições EUA,Evolução de menções no X,#2_POLICYREPORT_FGV Comunicação Rio
2024-07-22 05:00:00,2959,Eleições EUA,Evolução de menções no X,#2_POLICYREPORT_FGV Comunicação Rio
2024-07-22 06:00:00,5146,Eleições EUA,Evolução de menções no X,#2_POLICYREPORT_FGV Comunicação Rio
2024-07-22 07:00:00,8659,Eleições EUA,Evolução de menções no X,#2_POLICYREPORT_FGV Comunicação Rio
2024-07-22 08:00:00,10379,Eleições EUA,Evolução de menções no X,#2_POLICYREPORT_FGV Comunicação Rio
2024-07-22 09:00:00,10539,Eleições EUA,Evolução de menções no X,#2_POLICYREPORT_FGV Comunicação Rio
2024-07-22 10:00:00,11199,Eleições EUA,Evolução de menções no X,#2_POLICYREPORT_FGV Comunicação Rio
2024-07-22 11:00:00,10373,Eleições EUA,Evolução de menções no X,#2_POLICYREPORT_FGV Comunicação Rio
2024-07-22 12:00:00,11499,Eleições EUA,Evolução de menções no X,#2_POLICYREPORT_FGV Comunicação Rio